﻿0,soup,bread,ITHI,testSet/Stimuli/Action/056.jpg,testSet/Stimuli/Action/016.jpg,testSet/Stimuli/Action/110.jpg,testSet/Stimuli/Action/052.jpg,1,1,4/6/2018 16:00,0
1,Bran,oats,GIBI,testSet/Stimuli/Action/002.jpg,testSet/Stimuli/Action/094.jpg,testSet/Stimuli/Action/174.jpg,testSet/Stimuli/Action/076.jpg,0,0,4/6/2018 15:59,0
2,blue,green,FFNO,testSet/Stimuli/Action/052.jpg,testSet/Stimuli/Action/034.jpg,testSet/Stimuli/Action/008.jpg,testSet/Stimuli/Action/040.jpg,1,1,4/6/2018 15:58,0
3,red,black,QBAT,testSet/Stimuli/Action/090.jpg,testSet/Stimuli/Action/186.jpg,testSet/Stimuli/Action/168.jpg,testSet/Stimuli/Action/112.jpg,3,2,4/6/2018 15:59,0
4,sasha,ben,OOJL,testSet/Stimuli/Action/018.jpg,testSet/Stimuli/Action/002.jpg,testSet/Stimuli/Action/038.jpg,testSet/Stimuli/Action/020.jpg,3,1,4/6/2018 15:54,0
5,Linda,kids,ZXTB,testSet/Stimuli/Action/106.jpg,testSet/Stimuli/Action/062.jpg,testSet/Stimuli/Action/028.jpg,testSet/Stimuli/Action/192.jpg,4,0,4/6/2018 15:51,1
6,Jenna,Jack,WDCG,testSet/Stimuli/Action/006.jpg,testSet/Stimuli/Action/192.jpg,testSet/Stimuli/Action/124.jpg,testSet/Stimuli/Action/096.jpg,0,0,4/6/2018 15:48,0
